id,question
0,How can the purchase_count_7d_web feature help in determining the right time to launch targeted promotions for our customers?
0,In what ways can this short-term purchase count metric be leveraged for accurately estimating customer lifetime value in our business model?
0,"What is the frequency of updates for the purchase_count_7d_web feature, and how does it affect our marketing strategies?"
0,Can you tell me more about the data source for the purchase_count_7d_web feature and how reliable it is in measuring customer behavior?
0,Which models are currently utilizing the purchase_count_7d_web feature to enhance their predictions or recommendations for customers?
1,How can understanding the bi-weekly purchase count help us in tailoring our marketing strategies for repeat customers?
1,In what ways can we utilize the purchase_count_14d_web feature to effectively segment customers for personalized promotion campaigns?
1,What is the significance of the feature name 'purchase_count_14d_web' in analyzing customer behavior over the last two weeks?
1,"How frequently is the purchase_count_14d_web feature updated, and how does that frequency impact our real-time marketing efforts?"
1,Could you explain how the recommendation_model and churn_model leverage the purchase_count_14d_web feature to enhance customer engagement and retention?
2,How can I leverage the purchase_count_30d_web feature to enhance my understanding of customer loyalty in our upcoming marketing campaigns?
2,In what ways can the monthly purchase count indicator assist in predicting future customer lifetime value for our top customers?
2,What specific feature captures the number of purchases customers have made on our website in the last 30 days?
2,How frequently is the purchase_count_30d_web feature updated to reflect the most current customer activity?
2,"Which models, specifically the recommendation_model and churn_model, utilize the purchase_count_30d_web feature to improve our customer insights?"
3,How can the average order value over the last 7 days provide insights into customer spending patterns and help drive our marketing strategies?
3,In what ways can the avg_order_value_7d_web feature assist our team in making operational decisions to improve customer experience on our website?
3,What is the significance of using avg_order_value_7d_web in our ltv_model for predicting customer lifetime value?
3,"How frequently is the avg_order_value_7d_web data updated, and how does this impact its accuracy in reflecting customer behavior?"
3,Can you clarify which data sources contribute to the avg_order_value_7d_web feature and how reliable they are for our analytics needs?
4,How can I utilize the bi-weekly average order value to better understand customer spending habits and enhance our targeted marketing strategies?
4,"In what ways can the avg_order_value_14d_web feature inform our operational decisions, especially in relation to inventory management and customer purchasing trends?"
4,What specific metric do we have that captures the average order value over the past 14 days for online customers?
4,"How frequently is the avg_order_value_14d_web feature updated, and how does this impact its reliability for real-time business decisions?"
4,"Which predictive models, such as the ltv_model and recommendation_model, benefit from the insights provided by the avg_order_value_14d_web feature?"
5,How can the average order value over the last 30 days help us understand customer spending behavior more effectively?
5,In what ways can we leverage the monthly average order value indicator to inform our marketing strategies and improve customer engagement?
5,What is the significance of using the feature 'avg_order_value_30d_web' in our recommendation model?
5,"How frequently is the avg_order_value_30d_web feature updated, and how does this affect our insights into customer spending patterns?"
5,Can you explain the data source and computation logic behind the avg_order_value_30d_web feature and how it relates to our customer spend feature group?
6,How can the product_views_7d_web metric help us understand seasonal trends in product engagement and inform our marketing strategies?
6,In what ways can we use the short-term weekly product views to enhance our recommendation systems and improve customer experience?
6,"What specific feature group does product_views_7d_web belong to, and how does it contribute to our overall product engagement analysis?"
6,"How frequently is the product_views_7d_web feature updated, and does this hourly refresh provide us with near real-time insights into customer interactions?"
6,Which specific models utilize the product_views_7d_web feature to drive decision-making in our ranking and recommendation systems?
7,How can the bi-weekly product views metric help us identify trends in customer interest for our marketing campaigns?
7,In what ways can we leverage the product views measurement to enhance our operational decision-making process?
7,What is the significance of the product_views_14d_web feature in understanding user engagement on our website?
7,"How frequently is the product_views_14d_web data updated, and how does this impact our analytics?"
7,What specific roles do the ranking_model and recommendation_model play in utilizing the product_views_14d_web feature for improving user experience?
8,How can the product_views_30d_web feature help us understand customer engagement trends over the past month on our website?
8,In what ways can we leverage the monthly product views metric to improve our operational decision-making and enhance our marketing strategies?
8,What specific feature name should we refer to when analyzing the web-based product view data for the last 30 days?
8,"How frequently is the product_views_30d_web feature updated, and how reliable is that data for our models?"
8,"Which models are currently utilizing the product_views_30d_web feature, and how do they contribute to our overall product ranking and recommendations?"
9,How can I leverage the avg_rating_7d_web feature to enhance product visibility on our platform?
9,In what ways can the short-term weekly average rating metric help us monitor product quality and improve customer satisfaction?
9,What specific aspect of product performance does the avg_rating_7d_web feature measure?
9,How frequently is the avg_rating_7d_web feature updated to reflect customer feedback on our products?
9,Which machine learning models incorporate the avg_rating_7d_web feature to improve recommendations for our customers?
10,How can the avg_rating_14d_web feature help us ensure our products maintain high quality and customer satisfaction over time?
10,In what ways can we leverage the bi-weekly average rating measurement to enhance our product ranking and improve catalog optimization?
10,What specific feature name captures the bi-weekly average rating of products based on customer feedback from the web?
10,"How frequently is the avg_rating_14d_web feature updated, and how does this impact our ability to react to customer sentiment quickly?"
10,Which models are currently utilizing the avg_rating_14d_web feature to enhance our ranking and recommendation systems?
11,How does the average rating over the last 30 days help in ensuring product quality and enhancing customer satisfaction?
11,In what ways can we utilize the monthly average rating indicator to optimize our product catalog and improve our marketing strategies?
11,What is the feature name that indicates the average rating of products based on verified customer reviews from the web channel?
11,"How frequently is the avg_rating_30d_web feature updated, and why is daily refresh important for our product ranking logic?"
11,"Which models are utilizing the avg_rating_30d_web feature for making recommendations and ranking products, and how do they benefit from this data?"
12,How can I leverage the search_count_7d_web metric to enhance our recommendation system and improve user engagement on the Amazon website?
12,In what ways can the short-term weekly search count help us fine-tune our search relevance and better understand customer intent?
12,What feature name tracks the number of searches a customer has performed over the last week?
12,"With an hourly update frequency, how quickly can we respond to changes in customer search behavior using the search_count_7d_web feature?"
12,Which models benefit from the insights provided by the search_count_7d_web feature to optimize user experience?
13,How can we leverage the bi-weekly search count measurement to improve the relevance of our search results on the Amazon website?
13,In what ways can tracking the search count over the last 14 days help us understand customer intent and enhance our recommendation systems?
13,What specific search count feature provides insights into customer searches on our platform over a two-week period?
13,How frequently is the search_count_14d_web feature updated to ensure we have the most accurate data for analysis?
13,"Which models, specifically the recommendation_model and search_model, utilize the search_count_14d_web feature to enhance user experiences and engagement?"
14,How does the monthly search count indicator help us improve search relevance and enhance customer experience on our platform?
14,In what ways can the search count feature support our strategies for intent modeling and the effectiveness of our recommendation systems?
14,What specific feature name should I look for to understand the search activity trends of customers over the last 30 days?
14,"How frequently is the search_count_30d_web feature updated, and how does this impact our real-time decision-making in search optimization?"
14,Which models utilize the search_count_30d_web feature to enhance their performance in predicting customer needs and preferences?
15,How can the short-term weekly return rate metric help us identify product quality issues and improve customer satisfaction?
15,In what ways can we leverage the return_rate_7d_web feature for detecting fraudulent return activities on our web platform?
15,What is the feature name that calculates the return rate based on returns and orders over the last seven days?
15,How frequently is the return_rate_7d_web feature updated to ensure that we are making decisions based on the most current data?
15,Which machine learning models leverage the return rate feature to enhance their predictive capabilities regarding customer behavior?
16,How can the bi-weekly return rate measurement help us in monitoring product quality and reducing returns?
16,In what ways can we leverage the return_rate_14d_web feature for effective fraud detection in our online transactions?
16,Can you explain how the return_rate_14d_web feature is calculated and what makes it an essential metric for our returns feature group?
16,"How frequently is the return_rate_14d_web feature updated, and how does this impact our analysis of customer return behavior?"
16,"Which models utilize the return_rate_14d_web feature, and how do they benefit from this specific data point in terms of improving overall operational efficiency?"
17,How can the return_rate_30d_web feature help us monitor product quality over the last month?
17,In what ways can we utilize the return_rate_30d_web metric to enhance our fraud detection capabilities?
17,What specific feature name captures the monthly return rate for products sold through our web channel?
17,How frequently is the return_rate_30d_web feature updated to ensure we have the latest data?
17,Could you tell me which machine learning models are leveraging the return_rate_30d_web feature for their predictions?
18,How can the short-term weekly inventory stock metric help optimize our inventory replenishment strategies?
18,In what ways can we leverage the inventory stock data captured from web interactions for effective demand planning?
18,What is the significance of the feature_name 'inventory_stock_7d_web' in tracking our product availability?
18,"How frequently is the inventory_stock_7d_web feature updated, and how does that impact our decision-making processes?"
18,"Which models, specifically inventory_model and recommendation_model, utilize the inventory stock feature to enhance their performance?"
19,How can the bi-weekly inventory stock measurement help us optimize our inventory replenishment strategies for seasonal products?
19,In what ways can we leverage the 14-day stock data to improve our stock allocation and enhance demand planning across different product categories?
19,What feature name should we reference to assess our inventory stock levels over the last two weeks for each product?
19,"How frequently is the inventory_stock_14d_web feature updated, and how does that impact real-time inventory decisions?"
19,Which models utilize the inventory_stock_14d_web feature to optimize inventory management and enhance product recommendations for customers?
20,How can the monthly inventory stock indicator help us optimize our supply chain for more effective inventory replenishment?
20,In what ways can we leverage the inventory stock data to improve our demand planning and better align our stock allocation with customer needs?
20,"What specific metric do we use to assess the inventory stock over the last 30 days, and how is it calculated?"
20,How frequently is the inventory_stock_30d_web feature updated to ensure we are working with the most current data?
20,Which predictive models are utilizing the inventory stock feature to enhance decision-making in inventory management and product recommendations?
21,How can we leverage the short-term weekly delivery time metric to optimize our logistics operations and improve our overall delivery performance?
21,In what ways can monitoring the delivery_time_7d_web help us ensure we meet our service level agreements with customers?
21,What is the significance of the delivery_time_7d_web feature in analyzing our carrier performance over the past week?
21,"How frequently is the delivery_time_7d_web feature updated to reflect changes in our delivery operations, and how does this impact our decision-making?"
21,"Which specific models, like the logistics_model and demand_model, heavily rely on the delivery_time_7d_web feature for their predictions and insights?"
22,How can we leverage the bi-weekly delivery time measurement to improve our logistics optimization strategies and ensure timely deliveries to our customers?
22,In what ways can monitoring our SLA using the delivery_time_14d_web feature help us enhance our service level agreements with partners?
22,"What specific calculations are involved in the delivery_time_14d_web feature, and how do they reflect our operational performance across different regions?"
22,"How frequently is the delivery_time_14d_web feature updated, and what impact does this have on our daily decision-making processes in logistics?"
22,"Which models are utilizing the delivery_time_14d_web feature, and how do they contribute to our overall demand forecasting and logistics strategies?"
23,How can analyzing the monthly delivery time indicator help optimize our logistics processes and improve overall customer satisfaction?
23,In what ways can the delivery_time_30d_web feature assist us in monitoring our service level agreements and evaluating carrier performance effectively?
23,What specific feature name do we use to understand the average delivery time over the past 30 days for our web customers?
23,How frequently is the delivery_time_30d_web feature updated to ensure we are making decisions based on the most current data?
23,Which predictive models leverage the delivery_time_30d_web feature to enhance our logistics and demand forecasting capabilities?
24,How can the short-term weekly click rate metric help us optimize our marketing campaigns and improve audience targeting?
24,What insights can we derive from analyzing the click_rate_7d_web feature to enhance our marketing ROI analysis?
24,"Which feature name tracks the click rate on the web for a 7-day period, and how can it inform our marketing strategies?"
24,"Since the click_rate_7d_web feature is updated hourly, how quickly can we respond to changes in campaign performance based on this data?"
24,"Can you tell me which models are utilizing the click_rate_7d_web feature, and how they are leveraging this data to enhance our marketing initiatives?"
25,How can the bi-weekly click rate measurement help us optimize our marketing campaigns and improve our return on investment?
25,In what ways can I leverage the click_rate_14d_web feature to enhance audience targeting and improve our advertising effectiveness?
25,What feature captures the web channel click rate to assess campaign performance over the last 14 days?
25,How frequently is the click_rate_14d_web feature updated to ensure we have the most recent data for our marketing insights?
25,"Which models, such as the marketing_model and recommendation_model, rely on the click_rate_14d_web feature to drive their predictions and recommendations?"
26,How can the click_rate_30d_web feature help us optimize our marketing campaigns and improve our audience targeting strategies?
26,In what ways can monitoring the monthly click rate indicator drive insights for our marketing ROI analysis?
26,What specific feature name do we use to measure web channel interactions over the past 30 days?
26,How frequently is the click_rate_30d_web updated to ensure we are analyzing the most current customer engagement data?
26,Which models are leveraging the click rate feature to enhance their marketing effectiveness and personalization efforts?
27,How can we leverage the payment_success_7d_web feature to optimize our online payment processes and improve the customer experience during checkout?
27,What are the key insights that we can gain from the short-term weekly payment success metric to enhance our fraud prevention strategies?
27,What feature name should we look for when examining the success rate of online payments over the last week?
27,"How frequently is the payment_success_7d_web feature updated, and how does that impact our decision-making in real-time payment optimizations?"
27,"Can you tell me which models, such as the fraud_model and recommendation_model, utilize the payment_success_7d_web feature to drive their predictions or recommendations?"
28,How can the bi-weekly payment success measurement help us identify trends in customer payment behaviors for our checkout optimization strategies?
28,In what ways can we leverage the payment success metric to monitor and improve our fraud prevention efforts in the web channel?
28,What specific feature name do we use to calculate the success rate of payments over a 14-day period by payment method?
28,"How frequently is the payment_success_14d_web feature updated, and how does that impact our real-time decision-making for checkout processes?"
28,"Which models, like the fraud_model and recommendation_model, are utilizing the payment success metric to enhance their predictions and recommendations?"
29,How can we leverage the payment success indicator for optimizing our checkout process and reducing cart abandonment rates?
29,In what ways can the payment success rate from the web channel help us enhance our fraud prevention strategies?
29,"What feature name represents the payment success rate over the last 30 days, specifically for different payment methods?"
29,"How frequently is the payment_success_30d_web feature updated, and what impact does this have on our real-time decision-making?"
29,Which models are utilizing the payment success feature to enhance their performance in fraud detection and personalized recommendations?
30,How can the wishlist_count_7d_web feature help us identify customers with high purchase intent for our upcoming sales promotions?
30,In what ways can we leverage the short-term wishlist count metric to enhance our remarketing strategies for abandoned cart items?
30,What does the feature name wishlist_count_7d_web indicate about recent customer interactions on our website?
30,How often is the wishlist_count_7d_web feature updated to ensure we have the latest data for our recommendation models?
30,Which models are utilizing the wishlist_count_7d_web feature to personalize customer experiences and recommendations on our platform?
31,How does tracking the wishlist count over the last 14 days help us in predicting a customer's purchase intent?
31,In what ways can we leverage the bi-weekly wishlist count to enhance our personalized marketing strategies?
31,What is the feature name that reflects a customer's engagement with their wishlist on our website over the previous two weeks?
31,"How frequently is the wishlist_count_14d_web feature updated, and how does that affect our recommendation processes?"
31,Can you tell me which models are utilizing the wishlist count feature to improve recommendations for our customers?
32,How can the monthly wishlist count indicator enhance our understanding of customer purchase intent and improve our marketing strategies?
32,In what ways can we leverage the wishlist count data to create more personalized recommendations for users on our platform?
32,What feature name is being used to assess customer engagement based on their wishlist activity over the past 30 days?
32,How frequently is the wishlist_count_30d_web feature updated to ensure we have the latest customer interaction data?
32,Which models are using the wishlist_count_30d_web feature to drive insights and recommendations for users?
33,How can the short-term weekly cart additions metric help us identify customers who are at risk of abandoning their carts before completing a purchase?
33,In what ways can we utilize the cart_additions_7d_web feature to enhance our recommendation engine and drive conversions through personalized suggestions?
33,What specific feature measures the number of times customers have added items to their carts over the last seven days on our web platform?
33,How frequently is the cart_additions_7d_web feature updated to reflect the latest shopping behaviors of our customers?
33,Which predictive models are leveraging the cart_additions_7d_web feature to improve our customer retention strategies?
34,How can bi-weekly tracking of cart additions help me understand the effectiveness of our abandoned cart recovery strategies?
34,What insights can I gain from monitoring cart additions over the last 14 days to improve our conversion funnel analysis?
34,What is the specific feature name that measures the web-based cart additions for our customers over the last 14 days?
34,How often is the cart_additions_14d_web feature updated to ensure we have the most accurate data for our recommendation models?
34,Can you tell me which models are leveraging the cart additions feature to enhance customer engagement and reduce churn?
35,How can the monthly cart additions indicator help us improve our abandoned cart recovery strategies?
35,In what ways can we leverage the cart additions feature to enhance our conversion funnel analysis and boost overall sales?
35,What is the significance of the 'cart_additions_30d_web' feature within our shopping_cart feature group?
35,How frequently do we update the cart_additions_30d_web feature to ensure we have the latest customer activity data?
35,"Which models are utilizing the cart_additions_30d_web feature, and how does it enhance their predictive capabilities?"
36,How can the purchase_count_7d_mobile feature help us identify potential churn risks among our mobile app users?
36,In what ways can we leverage the short-term purchase count metric to tailor personalized promotions for our customers?
36,What specific mobile app interactions does the purchase_count_7d_mobile feature monitor to evaluate customer engagement?
36,"Considering the high update frequency of the purchase_count_7d_mobile feature, how timely is the data for our recommendation model?"
36,"Which models, apart from the recommendation_model and churn_model, might benefit from insights provided by the purchase_count_7d_mobile feature?"
37,How can we leverage the bi-weekly purchase count to identify our most valuable customers for targeted marketing efforts?
37,In what ways can the purchase_count_14d_mobile feature enhance our customer lifetime value modeling and improve revenue forecasting?
37,What specific feature name should we look for to analyze a customer's mobile purchasing behavior over the last 14 days?
37,How frequently is the purchase_count_14d_mobile feature updated in our data sources to ensure we have the latest customer behavior insights?
37,Can you tell me which models are utilizing the purchase_count_14d_mobile feature to enhance recommendation and churn prediction accuracy?
38,How can the purchase_count_30d_mobile feature enhance our understanding of customer behavior over the last month?
38,What strategies can we implement using the monthly purchase count to improve customer retention for our mobile app users?
38,What is the specific feature name that tracks the number of purchases made by customers in the last 30 days on mobile?
38,"Given that the purchase_count_30d_mobile feature is updated hourly, how can we leverage this real-time data for our marketing campaigns?"
38,"Which specific models, like the recommendation_model and churn_model, rely on the purchase_count_30d_mobile feature to inform their predictions?"
39,How can we leverage the avg_order_value_7d_mobile metric to enhance our customer loyalty programs through targeted promotions?
39,What insights can we gain from analyzing the short-term weekly average order values to improve our operational decision-making and inventory management?
39,Which specific metric allows us to understand the average order value of customers who make purchases through our mobile app in the last week?
39,How frequently is the avg_order_value_7d_mobile feature updated to reflect the latest customer spending patterns?
39,"What predictive models, such as the ltv_model and recommendation_model, incorporate the avg_order_value_7d_mobile feature to drive better personalization for our customers?"
40,How can the avg_order_value_14d_mobile feature help us understand customer spending behavior in the context of our mobile app sales?
40,In what ways can the bi-weekly average order value measurement inform our operational strategies for improving customer engagement on the Amazon Shopping mobile application?
40,"What is the computation logic behind the avg_order_value_14d_mobile feature, and how does it ensure accurate representation of customer spending over the last two weeks?"
40,"Given that the avg_order_value_14d_mobile is updated daily, how can we leverage this timely data for real-time decision-making in our marketing strategies?"
40,Can you share which models are utilizing the avg_order_value_14d_mobile feature and explain how it influences their predictions or recommendations for our customers?
41,How can the average order value over the last 30 days help us in predicting customer behavior and improving our marketing strategies?
41,In what ways can we leverage the monthly average order value from mobile interactions to enhance our customer analytics and operational decision-making?
41,What is the feature name that indicates the average order value derived from mobile customer transactions?
41,How frequently is the avg_order_value_30d_mobile feature updated to ensure we're making decisions based on the most current data?
41,Which predictive models utilize the average order value from the last 30 days to drive recommendations or customer lifetime value assessments?
42,In what ways can the product_views_7d_mobile metric help us understand customer behavior on our mobile app and improve our marketing strategies?
42,How can we leverage the short-term weekly product views metric to enhance our operational decision-making processes for inventory management?
42,What feature name should I refer to when considering the recent mobile interactions that a customer has had with our products over the past week?
42,Can you tell me how frequently the product_views_7d_mobile feature is updated so we can ensure we're using the most recent data in our analyses?
42,Which specific models are leveraging the product_views_7d_mobile feature to enhance ranking and recommendations for our customers?
43,How can the bi-weekly product views measurement help us enhance our predictive modeling efforts for product recommendations?
43,In what ways can we leverage the insights from mobile product views to improve our customer analytics and operational decision-making strategies?
43,What specific feature name should we refer to when analyzing product engagement over the last 14 days on mobile devices?
43,"Given that the product_views_14d_mobile feature updates hourly, how can we ensure that our analysis reflects the most current customer interaction data?"
43,Which models utilize the 14-day mobile product views feature to generate more accurate recommendations for our users?
44,How can the product_views_30d_mobile feature help us understand customer behavior on our mobile app and enhance user engagement?
44,In what ways can we leverage the product_views_30d_mobile metric for making informed operational decisions and improving our marketing strategies?
44,What specific feature name should I refer to when analyzing monthly product views from the mobile app for our product engagement analysis?
44,"How frequently is the product_views_30d_mobile feature updated, and how does that impact our real-time analytics efforts?"
44,Can you tell me which models utilize the product_views_30d_mobile feature to enhance product rankings and recommendations for our customers?
45,How can the avg_rating_7d_mobile feature help us assess the short-term performance of our products in the mobile app channel?
45,In what ways can we leverage the avg_rating_7d_mobile metric for optimizing our product catalog and enhancing customer experience?
45,What is the specific feature name we should look for to evaluate the average rating of our products over the past week based on mobile app reviews?
45,"How frequently is the avg_rating_7d_mobile feature updated in our system, and what impact does that have on our decision-making processes?"
45,"Can you tell me which models utilize the avg_rating_7d_mobile feature for ranking and recommendation purposes, and how they benefit from it?"
46,How can the bi-weekly average rating for mobile products help us improve our product ranking strategy and enhance visibility on the Amazon Shopping app?
46,In what ways can we utilize the avg_rating_14d_mobile feature to monitor product quality trends and address customer feedback effectively?
46,What feature name should I reference to analyze the average customer rating for products over the past 14 days specifically from the mobile app?
46,"How frequently is the avg_rating_14d_mobile feature updated, and how does that impact its reliability for decision-making?"
46,Which models incorporate this mobile average rating feature to improve recommendations and rankings for our customers?
47,How can the average rating over the last 30 days help us assess product quality and make decisions on catalog optimization?
47,What strategies can we employ to improve our product rankings based on insights derived from the monthly average rating indicator?
47,What is the name of the feature that tracks the average rating for products based on customer reviews from the mobile app?
47,"How frequently is the avg_rating_30d_mobile feature updated, and how does this impact our real-time decision-making processes?"
47,Which machine learning models leverage the avg_rating_30d_mobile feature to enhance product recommendations and rankings?
48,How can the `search_count_7d_mobile` feature help us improve the relevance of search results for mobile users?
48,In what ways can we leverage the `search_count_7d_mobile` metric to enhance our recommendation systems for users who frequently use the Amazon Shopping mobile application?
48,What is the significance of the `search_count_7d_mobile` feature under the search_behavior feature group?
48,"How frequently is the `search_count_7d_mobile` feature updated, and how does that impact our real-time recommendation capabilities?"
48,Which models specifically utilize the `search_count_7d_mobile` feature to tailor user experiences on the mobile app?
49,How can the bi-weekly search count measurement help us improve the relevance of search results for our mobile app users?
49,In what ways can we leverage the search_count_14d_mobile feature to enhance our recommendations based on customer search behavior?
49,What is the specific feature name that tracks the mobile search activity of customers over the last 14 days?
49,"How frequently is the search_count_14d_mobile feature updated, and how does this impact our ability to respond to changing customer behaviors?"
49,Which models specifically utilize the search_count_14d_mobile feature to optimize their performance for both search results and recommendations?
50,How can tracking the monthly search count for mobile users help us improve our search relevance and better meet customer intent?
50,In what ways can the search_count_30d_mobile feature be utilized to enhance our recommendation systems for users browsing through our mobile app?
50,What is the significance of the search_count_30d_mobile feature within the search_behavior feature group?
50,"How frequently is the search_count_30d_mobile feature updated, and why is it important for maintaining the accuracy of our models?"
50,"Which models, specifically the recommendation_model and search_model, benefit from the insights provided by the search_count_30d_mobile feature?"
51,How does the return_rate_7d_mobile feature help us monitor product quality and identify potential issues with customer returns?
51,In what ways can the short-term return rate metric be leveraged for fraud detection and managing return risks within our mobile app?
51,What specific feature name measures the mobile app's short-term weekly return rates and how do we use it in our analysis?
51,How frequently is the return_rate_7d_mobile feature updated and what implications does this have for real-time decision-making in our operations?
51,"Which machine learning models currently utilize the return_rate_7d_mobile feature, and how do they impact our overall business strategies?"
52,"How does the bi-weekly return rate measurement help us identify potential issues with product quality, and what steps can we take based on the insights it provides?"
52,In what scenarios would the return_rate_14d_mobile feature be particularly useful for fraud detection or return risk analysis within our business processes?
52,"What specific computations are involved in determining the return_rate_14d_mobile, and how does that inform our understanding of customer behavior?"
52,"How frequently is the return_rate_14d_mobile feature updated, and how does this frequency affect our decision-making in terms of product quality monitoring?"
52,"Can you elaborate on the types of models that utilize the return_rate_14d_mobile feature, and how they contribute to improving our overall customer experience?"
53,How can analyzing the return_rate_30d_mobile help us identify potential product quality issues from our mobile app users?
53,"In what ways can the return_rate_30d_mobile feature assist our fraud detection efforts, particularly in relation to suspicious behavior patterns on the mobile application?"
53,What is the significance of the return_rate_30d_mobile feature within the returns feature group in terms of understanding customer behavior?
53,"Given that the return_rate_30d_mobile feature updates daily, how timely is the data for making informed decisions regarding product returns?"
53,Can you tell me which models specifically leverage the return_rate_30d_mobile feature to enhance their predictive capabilities?
54,How can we utilize the short-term weekly inventory stock metric to ensure optimal stock levels for the upcoming sales peak?
54,In what ways can the short-term weekly inventory stock feature aid our inventory replenishment strategy for better demand planning?
54,What is the specific feature name that tracks our inventory stock over the last 7 days for mobile products?
54,How frequently is the inventory_stock_7d_mobile feature updated to reflect real-time stock levels?
54,Which predictive models are leveraging the inventory_stock_7d_mobile feature to enhance product recommendations for our mobile app users?
55,How can the bi-weekly inventory stock measurement feature help us optimize our inventory replenishment strategy for the mobile app users?
55,In what ways can we utilize the inventory_stock_14d_mobile feature for better stock allocation during peak shopping seasons?
55,What is the significance of the inventory_stock_14d_mobile feature in understanding customer interactions on the Amazon Shopping mobile application?
55,"How frequently is the inventory_stock_14d_mobile feature updated, and how does this impact our replenishment decisions?"
55,Which models leverage the inventory_stock_14d_mobile feature to enhance our recommendation accuracy and inventory management?
56,How can the inventory_stock_30d_mobile feature help us understand the current stock levels for our mobile app products and optimize our inventory replenishment strategies?
56,In what ways can tracking the monthly inventory stock indicator improve our stock allocation and demand planning processes for the Amazon Shopping mobile application?
56,What does the inventory_stock_30d_mobile feature specifically measure regarding product performance over the last 30 days?
56,"How frequently is the inventory_stock_30d_mobile feature updated, and how does that impact our ability to make timely inventory decisions?"
56,Which models leverage the inventory_stock_30d_mobile feature to enhance inventory management and recommendations for our customers?
57,How can the delivery_time_7d_mobile feature help us ensure we meet our service level agreements (SLAs) for delivery times in different regions?
57,In what ways can we leverage the short-term weekly delivery time metric to enhance our logistics optimization efforts for the Amazon Shopping mobile application?
57,What feature name specifically tracks the average delivery time over the past week for mobile orders?
57,How frequently is the delivery_time_7d_mobile feature updated to reflect the most current delivery performance data?
57,Which models are incorporating the delivery_time_7d_mobile feature to improve logistics and demand forecasting?
58,How can I leverage the bi-weekly delivery time measurement to optimize our logistics processes and improve overall customer satisfaction?
58,In what ways can monitoring the bi-weekly delivery performance help us assess if we are meeting our service level agreements with customers?
58,"What specific data does the delivery_time_14d_mobile feature track for our logistics operations, and how is it calculated?"
58,"How frequently is the delivery_time_14d_mobile feature updated, and how does this impact our ability to respond to delivery issues?"
58,Which predictive models incorporate the delivery_time_14d_mobile feature to enhance demand forecasting and logistics planning?
59,How can the delivery_time_30d_mobile feature help us improve our logistics operations and efficiency in meeting customer expectations?
59,In what ways can we utilize this month's delivery time data to enhance our service level agreements and track carrier performance effectively?
59,What specific logistics insights can we gain from the delivery_time_30d_mobile feature that would be valuable for our demand forecasting models?
59,"How frequently is the delivery_time_30d_mobile feature updated, and how does that impact our operational decision-making?"
59,Can you tell me which models are currently leveraging the delivery_time_30d_mobile feature and how they contribute to our overall logistics strategy?
60,How can we utilize the short-term weekly click rate metric to enhance our marketing strategy and optimize upcoming campaigns?
60,In what ways can the click rate data from the mobile app help us improve audience targeting and increase marketing ROI?
60,What specific feature measures the customer interactions on our Amazon Shopping mobile application over the last 7 days?
60,"How frequently is the click_rate_7d_mobile feature updated, and how does that impact our real-time marketing decision-making?"
60,Which models are leveraging the click_rate_7d_mobile feature to drive insights and performance improvements in our marketing efforts?
61,How can the bi-weekly click rate measurement help us optimize our marketing campaigns and drive better engagement with our audience?
61,In what ways can we leverage the click_rate_14d_mobile feature to improve our marketing ROI analysis and decision-making process?
61,What is the significance of the click_rate_14d_mobile feature in understanding customer interactions specifically on our Amazon Shopping mobile application?
61,"How frequently is the click_rate_14d_mobile feature updated, and why is an hourly update important for our marketing strategies?"
61,"Could you let me know which models utilize the click_rate_14d_mobile feature, and how they impact our marketing and recommendation efforts?"
62,How can the monthly click rate indicator help my team optimize our marketing campaigns and improve audience targeting?
62,In what ways can the click rate over the last 30 days be utilized for analyzing the return on investment (ROI) of our mobile marketing efforts?
62,"What is the specific computation logic behind the click_rate_30d_mobile feature, and how does it ensure accuracy in our marketing analytics?"
62,"How frequently does the click_rate_30d_mobile feature get updated, and why is an hourly update important for our marketing strategy?"
62,"Which models are leveraging the click_rate_30d_mobile feature, and how are they enhancing user recommendations in our mobile app?"
63,How can we leverage the payment_success_7d_mobile metric to improve our mobile checkout process and enhance customer experience?
63,In what ways can the short-term weekly payment success metric help us identify potential fraud trends in our mobile application?
63,What specific feature name can I refer to for analyzing the 7-day mobile payment success rate across different payment methods?
63,"How frequently is the payment_success_7d_mobile feature updated, and how does that impact our ability to respond to payment trends?"
63,"Which models, aside from the fraud_model, incorporate the payment_success_7d_mobile feature to support their predictions or recommendations?"
64,How can I utilize the bi-weekly payment success measurement to enhance our payment optimization strategies for the mobile app?
64,In what ways can the information from the payment_success_14d_mobile feature assist in monitoring the checkout process to reduce drop-off rates?
64,What specific payment method insights can I gain from the payment_success_14d_mobile feature to adjust our marketing campaigns?
64,"How frequently is the payment_success_14d_mobile feature updated, and can I rely on this data for real-time decision-making?"
64,"Which models, such as the fraud_model and recommendation_model, are leveraging the payment_success_14d_mobile feature to improve their predictive accuracy?"
65,How can the payment_success_30d_mobile feature help us identify trends in payment behavior among mobile app users?
65,In what ways can we utilize the monthly payment success indicator to enhance our fraud detection strategies?
65,What is the significance of tracking payment success over the last 30 days specifically for mobile transactions?
65,"How frequently is the payment_success_30d_mobile feature updated, and how does that impact its relevance for real-time decision making?"
65,Which models leverage the payment_success_30d_mobile feature to improve customer recommendations or prevent fraudulent transactions?
66,How can the wishlist_count_7d_mobile feature help us understand customer purchase intent when launching new marketing campaigns?
66,In what ways can we utilize the 7-day mobile wishlist count to enhance our personalized recommendation strategies for users?
66,What is the specific feature name we should reference when analyzing customer interactions over the past week on their mobile wishlists?
66,"Since the wishlist_count_7d_mobile feature is updated daily, how timely can we expect the insights to be for our remarketing efforts?"
66,Can you tell me which models are leveraging the wishlist_count_7d_mobile feature for generating recommendations tailored to user preferences?
67,How can the bi-weekly wishlist count measurement help us predict which customers are likely to make a purchase in the near future?
67,In what ways can we leverage the wishlist_count_14d_mobile feature to enhance our personalized recommendations and drive higher conversion rates?
67,What specific feature name do we use to analyze mobile users' wishlist activity over the last 14 days?
67,"How frequently is the wishlist_count_14d_mobile feature updated, and how does that frequency impact our marketing strategies?"
67,Which models are currently utilizing the wishlist_count_14d_mobile feature to drive customer engagement and sales?
68,How does the wishlist_count_30d_mobile feature help us predict a customer's intent to purchase based on their interactions in the mobile app?
68,In what ways can we leverage the monthly wishlist count indicator to enhance our personalized recommendations and improve customer engagement?
68,"What data source do we rely on to capture the wishlist_count_30d_mobile feature, and how is that data utilized across our systems?"
68,"How frequently is the wishlist_count_30d_mobile updated, and can we expect it to be refreshed daily to reflect current customer behaviors?"
68,Can you tell me which models are utilizing the wishlist_count_30d_mobile feature to drive recommendation and personalization strategies?
69,How can the cart_additions_7d_mobile metric help me understand customer behavior on our mobile app for optimizing our conversion funnel?
69,What insights can we gain from analyzing the short-term weekly cart additions to improve our abandoned cart recovery strategy?
69,What specific feature name should I refer to when I want to measure the number of cart additions by customers over the past week on mobile?
69,"How frequently is the cart_additions_7d_mobile feature updated, and how does that affect its reliability for real-time analysis?"
69,"Which models, specifically the recommendation_model and churn_model, leverage the cart_additions_7d_mobile feature to drive their predictions?"
70,How can tracking bi-weekly cart additions help us improve our abandoned cart recovery strategies?
70,What insights can we gain from measuring bi-weekly cart additions to optimize our conversion funnel?
70,What is the feature name that captures customer interactions with cart additions specifically from the mobile app?
70,How frequently is the cart_additions_14d_mobile feature updated to ensure accuracy in real-time analysis?
70,Which models are leveraging the cart_additions_14d_mobile feature for enhancing customer recommendations and reducing churn?
71,How can we utilize the monthly cart additions indicator to enhance our marketing strategies for recovering abandoned carts?
71,In what ways can the cart additions feature support our analysis of the conversion funnel for mobile app users?
71,What is the specific name of the feature that tracks the number of cart additions from mobile app users over the past 30 days?
71,How frequently is the cart_additions_30d_mobile feature updated to ensure we're using the most current data for our models?
71,Which models are leveraging the cart_additions_30d_mobile feature to improve customer recommendations and reduce churn?
